model_name,verlan,standard,template_group,template,sentence_verlan,sentence_standard,layer,layer_name,word_similarity,sentence_similarity,attention_available,intra_verlan,context_verlan,self_verlan,incoming_verlan,intra_standard,context_standard,self_standard,incoming_standard,target_subwords_verlan,target_subwords_standard,target_tokens_verlan,target_tokens_standard,token_span_verlan,token_span_standard
camembert-base,meufs,femmes,noun_plural,Les X sont très joyeuses.,Les meufs sont très joyeuses.,Les femmes sont très joyeuses.,0,embedding,0.2406749725341797,0.8602100610733032,False,,,,,,,,,3,1,"[""▁me"", ""uf"", ""s""]","[""▁femmes""]","[2, 5]","[2, 3]"
camembert-base,meufs,femmes,noun_plural,Les X sont très joyeuses.,Les meufs sont très joyeuses.,Les femmes sont très joyeuses.,1,encoder_1,0.3188604712486267,0.9038931131362915,True,0.19568322225673107,0.7361122808229873,0.06820450519870604,0.1405869731739444,0.0,0.8939564859613215,0.10604354671258066,0.06435313569807463,3,1,"[""▁me"", ""uf"", ""s""]","[""▁femmes""]","[2, 5]","[2, 3]"
camembert-base,meufs,femmes,noun_plural,Les X sont très joyeuses.,Les meufs sont très joyeuses.,Les femmes sont très joyeuses.,2,encoder_2,0.40595048666000366,0.9167985916137695,True,0.09331167548790105,0.8876667956963818,0.01902157786537759,0.03306493241587778,0.0,0.9547438009572811,0.04525620915145001,0.01992699957023683,3,1,"[""▁me"", ""uf"", ""s""]","[""▁femmes""]","[2, 5]","[2, 3]"
camembert-base,meufs,femmes,noun_plural,Les X sont très joyeuses.,Les meufs sont très joyeuses.,Les femmes sont très joyeuses.,3,encoder_3,0.5456551313400269,0.914069414138794,True,0.15510268460724982,0.7971460539886813,0.047751267095486244,0.05515516160139831,0.0,0.9475744822356585,0.05242552996051399,0.03396788258775143,3,1,"[""▁me"", ""uf"", ""s""]","[""▁femmes""]","[2, 5]","[2, 3]"
camembert-base,meufs,femmes,noun_plural,Les X sont très joyeuses.,Les meufs sont très joyeuses.,Les femmes sont très joyeuses.,4,encoder_4,0.6630935668945312,0.9330289363861084,True,0.05610487430518399,0.9035706159820892,0.04032455022526332,0.035707381229534985,0.0,0.9544889000097904,0.045511118364427644,0.02309974151052858,3,1,"[""▁me"", ""uf"", ""s""]","[""▁femmes""]","[2, 5]","[2, 3]"
camembert-base,meufs,femmes,noun_plural,Les X sont très joyeuses.,Les meufs sont très joyeuses.,Les femmes sont très joyeuses.,5,encoder_5,0.7206482887268066,0.9482479095458984,True,0.08453164786710866,0.8908535399071581,0.024614852065645603,0.038069395354164995,0.0,0.9735824304752841,0.026417577751398146,0.032541599182980226,3,1,"[""▁me"", ""uf"", ""s""]","[""▁femmes""]","[2, 5]","[2, 3]"
camembert-base,meufs,femmes,noun_plural,Les X sont très joyeuses.,Les meufs sont très joyeuses.,Les femmes sont très joyeuses.,6,encoder_6,0.7540339231491089,0.9449620246887207,True,0.08694250252989494,0.8959133955630728,0.017144075674783734,0.05218277966038381,0.0,0.9594432211599523,0.04055679879800061,0.03587643307621479,3,1,"[""▁me"", ""uf"", ""s""]","[""▁femmes""]","[2, 5]","[2, 3]"
camembert-base,meufs,femmes,noun_plural,Les X sont très joyeuses.,Les meufs sont très joyeuses.,Les femmes sont très joyeuses.,7,encoder_7,0.7683531641960144,0.953324556350708,True,0.034115672815132995,0.9447158043154632,0.02116853580444231,0.035796668280832854,0.0,0.9638589466351823,0.03614105417972526,0.02442389065570452,3,1,"[""▁me"", ""uf"", ""s""]","[""▁femmes""]","[2, 5]","[2, 3]"
camembert-base,meufs,femmes,noun_plural,Les X sont très joyeuses.,Les meufs sont très joyeuses.,Les femmes sont très joyeuses.,8,encoder_8,0.7526923418045044,0.9532118439674377,True,0.053477749772099376,0.917463321660133,0.029058896902803485,0.044506661418887594,0.0,0.942691450465889,0.05730855593695419,0.03244705096199661,3,1,"[""▁me"", ""uf"", ""s""]","[""▁femmes""]","[2, 5]","[2, 3]"
camembert-base,meufs,femmes,noun_plural,Les X sont très joyeuses.,Les meufs sont très joyeuses.,Les femmes sont très joyeuses.,9,encoder_9,0.7324764728546143,0.9335331916809082,True,0.07543103501232966,0.9127056996726123,0.011863240583270011,0.04147264270312911,0.0,0.9649878732260754,0.035012127278390016,0.037788379891208174,3,1,"[""▁me"", ""uf"", ""s""]","[""▁femmes""]","[2, 5]","[2, 3]"
camembert-base,meufs,femmes,noun_plural,Les X sont très joyeuses.,Les meufs sont très joyeuses.,Les femmes sont très joyeuses.,10,encoder_10,0.6844939589500427,0.9191369414329529,True,0.07410984410413006,0.9137284904122146,0.012161631076462225,0.0392728496724284,0.0,0.9755159414293807,0.024484051120039662,0.042157271381299266,3,1,"[""▁me"", ""uf"", ""s""]","[""▁femmes""]","[2, 5]","[2, 3]"
camembert-base,meufs,femmes,noun_plural,Les X sont très joyeuses.,Les meufs sont très joyeuses.,Les femmes sont très joyeuses.,11,encoder_11,0.6279509663581848,0.9087076187133789,True,0.07996058683153574,0.9010566750386686,0.018982748891747007,0.040655793622136116,0.0,0.9778804682908403,0.022119524840657694,0.024837536409927658,3,1,"[""▁me"", ""uf"", ""s""]","[""▁femmes""]","[2, 5]","[2, 3]"
camembert-base,meufs,femmes,noun_plural,Les X sont très joyeuses.,Les meufs sont très joyeuses.,Les femmes sont très joyeuses.,12,encoder_12,0.7079686522483826,0.9363836050033569,True,0.07414803622095792,0.8103380572690949,0.1155139088899963,0.04712073020002769,0.0,0.9325321666806788,0.06746782222106108,0.0275543055659523,3,1,"[""▁me"", ""uf"", ""s""]","[""▁femmes""]","[2, 5]","[2, 3]"
camembert-base,meufs,femmes,noun_plural,Je parle avec ces X.,Je parle avec ces meufs.,Je parle avec ces femmes.,0,embedding,0.22699612379074097,0.837549090385437,False,,,,,,,,,3,1,"[""▁me"", ""uf"", ""s""]","[""▁femmes""]","[5, 8]","[5, 6]"
camembert-base,meufs,femmes,noun_plural,Je parle avec ces X.,Je parle avec ces meufs.,Je parle avec ces femmes.,1,encoder_1,0.3214595913887024,0.8699779510498047,True,0.19611360114499576,0.7283427130840873,0.07554368577092113,0.16057182334781955,0.0,0.8898282974255661,0.11017170168191913,0.08011591191190139,3,1,"[""▁me"", ""uf"", ""s""]","[""▁femmes""]","[5, 8]","[5, 6]"
camembert-base,meufs,femmes,noun_plural,Je parle avec ces X.,Je parle avec ces meufs.,Je parle avec ces femmes.,2,encoder_2,0.4031018018722534,0.8747727274894714,True,0.09801009989406229,0.8874540761991968,0.01453583591045827,0.047848436485387835,0.0,0.947399183067987,0.052600838759886054,0.02742031110554691,3,1,"[""▁me"", ""uf"", ""s""]","[""▁femmes""]","[5, 8]","[5, 6]"
camembert-base,meufs,femmes,noun_plural,Je parle avec ces X.,Je parle avec ces meufs.,Je parle avec ces femmes.,3,encoder_3,0.5652954578399658,0.890755295753479,True,0.1574235224289141,0.800448260452343,0.042128203769787265,0.052975091332451506,0.0,0.9500278445591307,0.04997215947902697,0.032507436191345086,3,1,"[""▁me"", ""uf"", ""s""]","[""▁femmes""]","[5, 8]","[5, 6]"
camembert-base,meufs,femmes,noun_plural,Je parle avec ces X.,Je parle avec ces meufs.,Je parle avec ces femmes.,4,encoder_4,0.620758593082428,0.9002465009689331,True,0.05330538846465471,0.9021497945748304,0.04454480190413538,0.038241563893356555,0.0,0.9513582981611107,0.048641697841964426,0.013123739162141615,3,1,"[""▁me"", ""uf"", ""s""]","[""▁femmes""]","[5, 8]","[5, 6]"
camembert-base,meufs,femmes,noun_plural,Je parle avec ces X.,Je parle avec ces meufs.,Je parle avec ces femmes.,5,encoder_5,0.6926459074020386,0.9252328276634216,True,0.07245542147177486,0.9024612105110502,0.025083349804647912,0.042653642494377725,0.0,0.970566234748555,0.02943375474011387,0.031232306908453685,3,1,"[""▁me"", ""uf"", ""s""]","[""▁femmes""]","[5, 8]","[5, 6]"
camembert-base,meufs,femmes,noun_plural,Je parle avec ces X.,Je parle avec ces meufs.,Je parle avec ces femmes.,6,encoder_6,0.7492313385009766,0.9244049787521362,True,0.07175821711889022,0.9131650639907564,0.015076713198942908,0.04403098852602908,0.0,0.9740490557698734,0.025950956950926602,0.022435729205016994,3,1,"[""▁me"", ""uf"", ""s""]","[""▁femmes""]","[5, 8]","[5, 6]"
camembert-base,meufs,femmes,noun_plural,Je parle avec ces X.,Je parle avec ces meufs.,Je parle avec ces femmes.,7,encoder_7,0.766921877861023,0.9314045906066895,True,0.028064393928309755,0.9490078432382131,0.022927743275706264,0.029854562490303008,0.0,0.9749585835594422,0.02504141445179642,0.01808794400411944,3,1,"[""▁me"", ""uf"", ""s""]","[""▁femmes""]","[5, 8]","[5, 6]"
camembert-base,meufs,femmes,noun_plural,Je parle avec ces X.,Je parle avec ces meufs.,Je parle avec ces femmes.,8,encoder_8,0.7655543088912964,0.9313969612121582,True,0.0522081229787013,0.9104915224932868,0.0373003770867189,0.032853928436700444,0.0,0.8968418812758262,0.10315811810329217,0.025146665385380355,3,1,"[""▁me"", ""uf"", ""s""]","[""▁femmes""]","[5, 8]","[5, 6]"
camembert-base,meufs,femmes,noun_plural,Je parle avec ces X.,Je parle avec ces meufs.,Je parle avec ces femmes.,9,encoder_9,0.7545801401138306,0.9157427549362183,True,0.06606573286254554,0.9217474290194625,0.012186842050246593,0.030220347672494176,0.0,0.9821966532092742,0.017803351835391945,0.02303942676831879,3,1,"[""▁me"", ""uf"", ""s""]","[""▁femmes""]","[5, 8]","[5, 6]"
camembert-base,meufs,femmes,noun_plural,Je parle avec ces X.,Je parle avec ces meufs.,Je parle avec ces femmes.,10,encoder_10,0.7077288031578064,0.8913236856460571,True,0.09272375608712839,0.8901675860071335,0.01710862686165567,0.03892532501021726,0.0,0.9646268380057691,0.0353731541167959,0.038104102095880894,3,1,"[""▁me"", ""uf"", ""s""]","[""▁femmes""]","[5, 8]","[5, 6]"
camembert-base,meufs,femmes,noun_plural,Je parle avec ces X.,Je parle avec ces meufs.,Je parle avec ces femmes.,11,encoder_11,0.668097734451294,0.883366584777832,True,0.0871560422465459,0.8969262542081368,0.015917694439056693,0.026247723021118774,0.0,0.9667505363896064,0.03324948056822767,0.02017574248295408,3,1,"[""▁me"", ""uf"", ""s""]","[""▁femmes""]","[5, 8]","[5, 6]"
camembert-base,meufs,femmes,noun_plural,Je parle avec ces X.,Je parle avec ces meufs.,Je parle avec ces femmes.,12,encoder_12,0.7292080521583557,0.953313946723938,True,0.08542083283347507,0.791732359929706,0.12284683693566377,0.04362366809122866,0.0,0.9374482133153205,0.06255178517128017,0.022603798722825492,3,1,"[""▁me"", ""uf"", ""s""]","[""▁femmes""]","[5, 8]","[5, 6]"
camembert-base,meufs,femmes,noun_plural,On voit les X dans la rue.,On voit les meufs dans la rue.,On voit les femmes dans la rue.,0,embedding,0.2285347282886505,0.8723931908607483,False,,,,,,,,,3,1,"[""▁me"", ""uf"", ""s""]","[""▁femmes""]","[4, 7]","[4, 5]"
camembert-base,meufs,femmes,noun_plural,On voit les X dans la rue.,On voit les meufs dans la rue.,On voit les femmes dans la rue.,1,encoder_1,0.3016263246536255,0.901000440120697,True,0.1897948520893542,0.7427754563758607,0.0674296923626298,0.1430557993594204,0.0,0.8898774635883745,0.11012254320251984,0.06353877913970539,3,1,"[""▁me"", ""uf"", ""s""]","[""▁femmes""]","[4, 7]","[4, 5]"
camembert-base,meufs,femmes,noun_plural,On voit les X dans la rue.,On voit les meufs dans la rue.,On voit les femmes dans la rue.,2,encoder_2,0.3678450882434845,0.9163789749145508,True,0.1023613583006619,0.8771860532003396,0.020452590361648898,0.03576780205229207,0.0,0.9670720193020639,0.03292798286132105,0.024834172783351,3,1,"[""▁me"", ""uf"", ""s""]","[""▁femmes""]","[4, 7]","[4, 5]"
camembert-base,meufs,femmes,noun_plural,On voit les X dans la rue.,On voit les meufs dans la rue.,On voit les femmes dans la rue.,3,encoder_3,0.5126696825027466,0.9282379150390625,True,0.1634376086595408,0.787606422234148,0.048955987525803685,0.04695753125564491,0.0,0.9436995586709053,0.05630044646906814,0.03751974499809753,3,1,"[""▁me"", ""uf"", ""s""]","[""▁femmes""]","[4, 7]","[4, 5]"
camembert-base,meufs,femmes,noun_plural,On voit les X dans la rue.,On voit les meufs dans la rue.,On voit les femmes dans la rue.,4,encoder_4,0.6171305775642395,0.9440617561340332,True,0.05606706820213519,0.8945360635881662,0.04939683413881842,0.027840795582278494,0.0,0.9796257890430585,0.020374198819435627,0.014088786321340014,3,1,"[""▁me"", ""uf"", ""s""]","[""▁femmes""]","[4, 7]","[4, 5]"
camembert-base,meufs,femmes,noun_plural,On voit les X dans la rue.,On voit les meufs dans la rue.,On voit les femmes dans la rue.,5,encoder_5,0.6862293481826782,0.9537545442581177,True,0.09123345021004543,0.8802290500089858,0.02853747018560912,0.03708558651460519,0.0,0.9754632013774135,0.024536801144918987,0.0325448247559813,3,1,"[""▁me"", ""uf"", ""s""]","[""▁femmes""]","[4, 7]","[4, 5]"
camembert-base,meufs,femmes,noun_plural,On voit les X dans la rue.,On voit les meufs dans la rue.,On voit les femmes dans la rue.,6,encoder_6,0.7279302477836609,0.9565473794937134,True,0.07189747663296452,0.9132698641411899,0.014832653948354596,0.03808039659376387,0.0,0.9667965872383011,0.033203421492851416,0.02194473560929587,3,1,"[""▁me"", ""uf"", ""s""]","[""▁femmes""]","[4, 7]","[4, 5]"
camembert-base,meufs,femmes,noun_plural,On voit les X dans la rue.,On voit les meufs dans la rue.,On voit les femmes dans la rue.,7,encoder_7,0.7576049566268921,0.962726354598999,True,0.03146513449033073,0.9456624540877675,0.022872378825614437,0.025759653672924303,0.0,0.9771948365297609,0.022805155146546473,0.014913640590916587,3,1,"[""▁me"", ""uf"", ""s""]","[""▁femmes""]","[4, 7]","[4, 5]"
camembert-base,meufs,femmes,noun_plural,On voit les X dans la rue.,On voit les meufs dans la rue.,On voit les femmes dans la rue.,8,encoder_8,0.7519438862800598,0.9658275842666626,True,0.03298533230216172,0.9432259728619341,0.02378870332128846,0.02345246526457555,0.0,0.953644779521064,0.04635521011797325,0.021255233834128074,3,1,"[""▁me"", ""uf"", ""s""]","[""▁femmes""]","[4, 7]","[4, 5]"
camembert-base,meufs,femmes,noun_plural,On voit les X dans la rue.,On voit les meufs dans la rue.,On voit les femmes dans la rue.,9,encoder_9,0.7498769760131836,0.9588289856910706,True,0.08690138733396348,0.8995568430092984,0.013541783316139318,0.036280818205898416,0.0,0.9639603462645154,0.03603967170225073,0.024621288059008303,3,1,"[""▁me"", ""uf"", ""s""]","[""▁femmes""]","[4, 7]","[4, 5]"
camembert-base,meufs,femmes,noun_plural,On voit les X dans la rue.,On voit les meufs dans la rue.,On voit les femmes dans la rue.,10,encoder_10,0.6707614660263062,0.9451959133148193,True,0.11488964032320144,0.8669104851299335,0.01819986399187776,0.03481966306588611,0.0,0.9640654072321424,0.03593457934129104,0.03425261028486318,3,1,"[""▁me"", ""uf"", ""s""]","[""▁femmes""]","[4, 7]","[4, 5]"
camembert-base,meufs,femmes,noun_plural,On voit les X dans la rue.,On voit les meufs dans la rue.,On voit les femmes dans la rue.,11,encoder_11,0.6029424071311951,0.9396265149116516,True,0.09153876398370496,0.8945835754978814,0.013877641943704576,0.023927789331053714,0.0,0.9819879686733618,0.018012011342011774,0.01755873987634485,3,1,"[""▁me"", ""uf"", ""s""]","[""▁femmes""]","[4, 7]","[4, 5]"
camembert-base,meufs,femmes,noun_plural,On voit les X dans la rue.,On voit les meufs dans la rue.,On voit les femmes dans la rue.,12,encoder_12,0.7002586126327515,0.969008207321167,True,0.08301372798156366,0.794716459344544,0.12226982374628541,0.039965056250146944,0.0,0.9446447279065183,0.05535528703344831,0.024155373719138132,3,1,"[""▁me"", ""uf"", ""s""]","[""▁femmes""]","[4, 7]","[4, 5]"
camembert-base,teuf,fête,noun_singular,La X commence bientôt.,La teuf commence bientôt.,La fête commence bientôt.,0,embedding,0.18296056985855103,0.7920004725456238,False,,,,,,,,,2,1,"[""▁te"", ""uf""]","[""▁fête""]","[2, 4]","[2, 3]"
camembert-base,teuf,fête,noun_singular,La X commence bientôt.,La teuf commence bientôt.,La fête commence bientôt.,1,encoder_1,0.2841852307319641,0.8376072645187378,True,0.1357082020153458,0.7799500773904308,0.08434171562717518,0.10110752449439504,0.0,0.8746280301194931,0.1253719556002277,0.09923827130870033,2,1,"[""▁te"", ""uf""]","[""▁fête""]","[2, 4]","[2, 3]"
camembert-base,teuf,fête,noun_singular,La X commence bientôt.,La teuf commence bientôt.,La fête commence bientôt.,2,encoder_2,0.3698917329311371,0.8722901940345764,True,0.066787510648003,0.9112855719001106,0.021926907362563405,0.03364752585003738,0.0,0.9633164209402633,0.03668358044702041,0.02406920768053147,2,1,"[""▁te"", ""uf""]","[""▁fête""]","[2, 4]","[2, 3]"
camembert-base,teuf,fête,noun_singular,La X commence bientôt.,La teuf commence bientôt.,La fête commence bientôt.,3,encoder_3,0.503982424736023,0.8817569017410278,True,0.09020776848414058,0.8746795009375014,0.03511274870034561,0.055501453493967116,0.0,0.967908257289645,0.032091757942877115,0.04841374496630224,2,1,"[""▁te"", ""uf""]","[""▁fête""]","[2, 4]","[2, 3]"
camembert-base,teuf,fête,noun_singular,La X commence bientôt.,La teuf commence bientôt.,La fête commence bientôt.,4,encoder_4,0.61098313331604,0.8998433351516724,True,0.04160891654664659,0.9171926684927695,0.041198422372362445,0.032827329378735094,0.0,0.9755567167007393,0.02444327165772965,0.012951572869932487,2,1,"[""▁te"", ""uf""]","[""▁fête""]","[2, 4]","[2, 3]"
camembert-base,teuf,fête,noun_singular,La X commence bientôt.,La teuf commence bientôt.,La fête commence bientôt.,5,encoder_5,0.6670284271240234,0.9198772311210632,True,0.07308170023307696,0.8917600868700774,0.03515822484882075,0.051133692374227026,0.0,0.9613281926754116,0.03867181650199599,0.038938451321227495,2,1,"[""▁te"", ""uf""]","[""▁fête""]","[2, 4]","[2, 3]"
camembert-base,teuf,fête,noun_singular,La X commence bientôt.,La teuf commence bientôt.,La fête commence bientôt.,6,encoder_6,0.6692771911621094,0.912703275680542,True,0.04073722507263694,0.9326137921865478,0.026649006916398973,0.04171318550960884,0.0,0.9616675368434038,0.038332494724552364,0.030776529295798574,2,1,"[""▁te"", ""uf""]","[""▁fête""]","[2, 4]","[2, 3]"
camembert-base,teuf,fête,noun_singular,La X commence bientôt.,La teuf commence bientôt.,La fête commence bientôt.,7,encoder_7,0.6887905597686768,0.9214394092559814,True,0.017108018900417098,0.9618894854511506,0.021002495881265026,0.023594693075635276,0.0,0.9795052862327234,0.02049469665422571,0.019125535518343825,2,1,"[""▁te"", ""uf""]","[""▁fête""]","[2, 4]","[2, 3]"
camembert-base,teuf,fête,noun_singular,La X commence bientôt.,La teuf commence bientôt.,La fête commence bientôt.,8,encoder_8,0.6775561571121216,0.9248161315917969,True,0.024058537165090443,0.9406335224508665,0.03530794899877971,0.028212519312670856,0.0,0.9776644105196693,0.022335581738711932,0.02665418386451424,2,1,"[""▁te"", ""uf""]","[""▁fête""]","[2, 4]","[2, 3]"
camembert-base,teuf,fête,noun_singular,La X commence bientôt.,La teuf commence bientôt.,La fête commence bientôt.,9,encoder_9,0.6622887849807739,0.9175071120262146,True,0.07057251112405824,0.9143221126126452,0.015105382161673675,0.03976369184987349,0.0,0.9736579951861181,0.02634201354503225,0.0280867046268289,2,1,"[""▁te"", ""uf""]","[""▁fête""]","[2, 4]","[2, 3]"
camembert-base,teuf,fête,noun_singular,La X commence bientôt.,La teuf commence bientôt.,La fête commence bientôt.,10,encoder_10,0.6077190041542053,0.8820493817329407,True,0.06581766273650137,0.9132941284684583,0.020888203866793197,0.038402620454976714,0.0,0.9504866932455073,0.0495133118379616,0.03637552627863372,2,1,"[""▁te"", ""uf""]","[""▁fête""]","[2, 4]","[2, 3]"
camembert-base,teuf,fête,noun_singular,La X commence bientôt.,La teuf commence bientôt.,La fête commence bientôt.,11,encoder_11,0.5771559476852417,0.87709641456604,True,0.04939728556171507,0.9350084993943056,0.015594225754189802,0.026659007352820206,0.0,0.9762393778452684,0.02376062428901633,0.02086991245204328,2,1,"[""▁te"", ""uf""]","[""▁fête""]","[2, 4]","[2, 3]"
camembert-base,teuf,fête,noun_singular,La X commence bientôt.,La teuf commence bientôt.,La fête commence bientôt.,12,encoder_12,0.7481893301010132,0.9347044229507446,True,0.05798549655204018,0.8274585902690887,0.11455590045079589,0.030483883811351368,0.0,0.9194287953847974,0.08057123170116857,0.026286740693431333,2,1,"[""▁te"", ""uf""]","[""▁fête""]","[2, 4]","[2, 3]"
camembert-base,teuf,fête,noun_singular,On parle souvent de cette X.,On parle souvent de cette teuf.,On parle souvent de cette fête.,0,embedding,0.1620337963104248,0.8481460809707642,False,,,,,,,,,2,1,"[""▁te"", ""uf""]","[""▁fête""]","[6, 8]","[6, 7]"
camembert-base,teuf,fête,noun_singular,On parle souvent de cette X.,On parle souvent de cette teuf.,On parle souvent de cette fête.,1,encoder_1,0.2668300271034241,0.8989049792289734,True,0.12593929544612456,0.8019424201196307,0.07211829467879731,0.09172170452729554,0.0,0.8903546310026563,0.10964535687074971,0.06906056086222988,2,1,"[""▁te"", ""uf""]","[""▁fête""]","[6, 8]","[6, 7]"
camembert-base,teuf,fête,noun_singular,On parle souvent de cette X.,On parle souvent de cette teuf.,On parle souvent de cette fête.,2,encoder_2,0.3078262209892273,0.9087140560150146,True,0.06359599948009587,0.9169550291272159,0.019448967764412847,0.03641430768721224,0.0,0.9565377045798709,0.043462297263372286,0.029431554245242936,2,1,"[""▁te"", ""uf""]","[""▁fête""]","[6, 8]","[6, 7]"
camembert-base,teuf,fête,noun_singular,On parle souvent de cette X.,On parle souvent de cette teuf.,On parle souvent de cette fête.,3,encoder_3,0.4581441283226013,0.9231943488121033,True,0.10087263072236902,0.8542850068519946,0.044842384389330685,0.05002114393374537,0.0,0.9524177369515313,0.047582263291001535,0.032463745107086946,2,1,"[""▁te"", ""uf""]","[""▁fête""]","[6, 8]","[6, 7]"
camembert-base,teuf,fête,noun_singular,On parle souvent de cette X.,On parle souvent de cette teuf.,On parle souvent de cette fête.,4,encoder_4,0.5319575071334839,0.9334929585456848,True,0.03796697109279054,0.9067302778967888,0.055302759469937034,0.02715417904147961,0.0,0.9664413117289167,0.033558692156446406,0.012987726784062315,2,1,"[""▁te"", ""uf""]","[""▁fête""]","[6, 8]","[6, 7]"
camembert-base,teuf,fête,noun_singular,On parle souvent de cette X.,On parle souvent de cette teuf.,On parle souvent de cette fête.,5,encoder_5,0.6101741194725037,0.9478564858436584,True,0.07179506855063139,0.893165630086142,0.03503927187134883,0.03998932773421241,0.0,0.9624182739220313,0.03758170890671195,0.035423799863979526,2,1,"[""▁te"", ""uf""]","[""▁fête""]","[6, 8]","[6, 7]"
camembert-base,teuf,fête,noun_singular,On parle souvent de cette X.,On parle souvent de cette teuf.,On parle souvent de cette fête.,6,encoder_6,0.6790357828140259,0.9476041793823242,True,0.034925384512965334,0.9447548308636433,0.020319785903962034,0.032935524064028394,0.0,0.9772215688543251,0.02277842968563452,0.021348829469652653,2,1,"[""▁te"", ""uf""]","[""▁fête""]","[6, 8]","[6, 7]"
camembert-base,teuf,fête,noun_singular,On parle souvent de cette X.,On parle souvent de cette teuf.,On parle souvent de cette fête.,7,encoder_7,0.6833301782608032,0.9502637386322021,True,0.02158116049226459,0.9398889428696647,0.03852990346777163,0.024753392417801626,0.0,0.9629517633353025,0.037048252827025265,0.017026335074937678,2,1,"[""▁te"", ""uf""]","[""▁fête""]","[6, 8]","[6, 7]"
camembert-base,teuf,fête,noun_singular,On parle souvent de cette X.,On parle souvent de cette teuf.,On parle souvent de cette fête.,8,encoder_8,0.6668881177902222,0.9560306072235107,True,0.028449972625831942,0.9296795254070808,0.04187052408600164,0.01801862132608738,0.0,0.9572065052628725,0.04279350226531815,0.014234973076533182,2,1,"[""▁te"", ""uf""]","[""▁fête""]","[6, 8]","[6, 7]"
camembert-base,teuf,fête,noun_singular,On parle souvent de cette X.,On parle souvent de cette teuf.,On parle souvent de cette fête.,9,encoder_9,0.6043211221694946,0.9350420236587524,True,0.07364956470663046,0.9121907347076079,0.014159709898990798,0.02934331782193067,0.0,0.9759573376637846,0.024042660706402944,0.026210677712156637,2,1,"[""▁te"", ""uf""]","[""▁fête""]","[6, 8]","[6, 7]"
camembert-base,teuf,fête,noun_singular,On parle souvent de cette X.,On parle souvent de cette teuf.,On parle souvent de cette fête.,10,encoder_10,0.5868229866027832,0.9131287336349487,True,0.06810433213996386,0.9114988350986116,0.020396817860266505,0.031491516565217904,0.0,0.9821748273944538,0.01782518001732141,0.02735468860742679,2,1,"[""▁te"", ""uf""]","[""▁fête""]","[6, 8]","[6, 7]"
camembert-base,teuf,fête,noun_singular,On parle souvent de cette X.,On parle souvent de cette teuf.,On parle souvent de cette fête.,11,encoder_11,0.5908476710319519,0.9172388911247253,True,0.05846941875793884,0.9214724843523555,0.020058102477644776,0.023714668618938325,0.0,0.9796706742893212,0.02032931028565074,0.016642170248097315,2,1,"[""▁te"", ""uf""]","[""▁fête""]","[6, 8]","[6, 7]"
camembert-base,teuf,fête,noun_singular,On parle souvent de cette X.,On parle souvent de cette teuf.,On parle souvent de cette fête.,12,encoder_12,0.7894347906112671,0.9678144454956055,True,0.06397952023597066,0.8069688875544649,0.1290516170448377,0.026150775936661,0.0,0.9272144334647635,0.07278555388477662,0.021001000952752747,2,1,"[""▁te"", ""uf""]","[""▁fête""]","[6, 8]","[6, 7]"
camembert-base,teuf,fête,noun_singular,Cette X était incroyable.,Cette teuf était incroyable.,Cette fête était incroyable.,0,embedding,0.18296056985855103,0.7922490835189819,False,,,,,,,,,2,1,"[""▁te"", ""uf""]","[""▁fête""]","[2, 4]","[2, 3]"
camembert-base,teuf,fête,noun_singular,Cette X était incroyable.,Cette teuf était incroyable.,Cette fête était incroyable.,1,encoder_1,0.2873121500015259,0.8500238656997681,True,0.13510050615885572,0.7788227899900496,0.08607669919448513,0.10684568959985724,0.0,0.8718989139823708,0.1281010886563765,0.09492158775942194,2,1,"[""▁te"", ""uf""]","[""▁fête""]","[2, 4]","[2, 3]"
camembert-base,teuf,fête,noun_singular,Cette X était incroyable.,Cette teuf était incroyable.,Cette fête était incroyable.,2,encoder_2,0.3646809458732605,0.8791500926017761,True,0.06263555522629596,0.9173793572244566,0.01998505371119608,0.029090234342588967,0.0,0.9522617081118577,0.047738297068624334,0.02229037887609762,2,1,"[""▁te"", ""uf""]","[""▁fête""]","[2, 4]","[2, 3]"
camembert-base,teuf,fête,noun_singular,Cette X était incroyable.,Cette teuf était incroyable.,Cette fête était incroyable.,3,encoder_3,0.5182870626449585,0.8894281387329102,True,0.09220880070857886,0.8815134603533913,0.026277731681475538,0.059233453667330294,0.0,0.965886775921542,0.03411324045239498,0.04760680759742309,2,1,"[""▁te"", ""uf""]","[""▁fête""]","[2, 4]","[2, 3]"
camembert-base,teuf,fête,noun_singular,Cette X était incroyable.,Cette teuf était incroyable.,Cette fête était incroyable.,4,encoder_4,0.5991572737693787,0.9056434035301208,True,0.04597307019113228,0.904331711574437,0.04969521629417806,0.031784757350149254,0.0,0.9424789725144825,0.05752101444700127,0.017486821346727466,2,1,"[""▁te"", ""uf""]","[""▁fête""]","[2, 4]","[2, 3]"
camembert-base,teuf,fête,noun_singular,Cette X était incroyable.,Cette teuf était incroyable.,Cette fête était incroyable.,5,encoder_5,0.6728498935699463,0.9354064464569092,True,0.0734887321910706,0.8995262648737249,0.026985022803422274,0.04023605099152596,0.0,0.9684086293787623,0.03159137957551742,0.02851360675049368,2,1,"[""▁te"", ""uf""]","[""▁fête""]","[2, 4]","[2, 3]"
camembert-base,teuf,fête,noun_singular,Cette X était incroyable.,Cette teuf était incroyable.,Cette fête était incroyable.,6,encoder_6,0.7305774092674255,0.9212156534194946,True,0.046158205400895456,0.929270525651804,0.024571323293854874,0.04734265393526812,0.0,0.9742117213081914,0.02578828482301627,0.024511146381837923,2,1,"[""▁te"", ""uf""]","[""▁fête""]","[2, 4]","[2, 3]"
camembert-base,teuf,fête,noun_singular,Cette X était incroyable.,Cette teuf était incroyable.,Cette fête était incroyable.,7,encoder_7,0.7370753884315491,0.9357779622077942,True,0.01950752685423882,0.9635585804050494,0.01693391136716532,0.02607596478945401,0.0,0.9757331763739949,0.02426684578372229,0.020515485959622114,2,1,"[""▁te"", ""uf""]","[""▁fête""]","[2, 4]","[2, 3]"
camembert-base,teuf,fête,noun_singular,Cette X était incroyable.,Cette teuf était incroyable.,Cette fête était incroyable.,8,encoder_8,0.7252110242843628,0.9259382486343384,True,0.032967838398158734,0.9266687739755444,0.04036338863523421,0.02861409719702407,0.0,0.9713506487371063,0.02864935578368946,0.024301857920120257,2,1,"[""▁te"", ""uf""]","[""▁fête""]","[2, 4]","[2, 3]"
camembert-base,teuf,fête,noun_singular,Cette X était incroyable.,Cette teuf était incroyable.,Cette fête était incroyable.,9,encoder_9,0.6783769130706787,0.9088901281356812,True,0.06941154341018739,0.9166655135760408,0.013923002928859235,0.033236305567970276,0.0,0.9826061234115051,0.01739388013916276,0.022268120447933627,2,1,"[""▁te"", ""uf""]","[""▁fête""]","[2, 4]","[2, 3]"
camembert-base,teuf,fête,noun_singular,Cette X était incroyable.,Cette teuf était incroyable.,Cette fête était incroyable.,10,encoder_10,0.6462376713752747,0.879178524017334,True,0.06687275674224619,0.9133455421641447,0.019781687744654174,0.03240093269906243,0.0,0.9684448393504779,0.03155516309424547,0.031809544975127384,2,1,"[""▁te"", ""uf""]","[""▁fête""]","[2, 4]","[2, 3]"
camembert-base,teuf,fête,noun_singular,Cette X était incroyable.,Cette teuf était incroyable.,Cette fête était incroyable.,11,encoder_11,0.6279202103614807,0.8636248707771301,True,0.054930889780607985,0.9275325976781685,0.017536523794704537,0.03160856736616956,0.0,0.9807504809673832,0.019249509370145138,0.021456860911782755,2,1,"[""▁te"", ""uf""]","[""▁fête""]","[2, 4]","[2, 3]"
camembert-base,teuf,fête,noun_singular,Cette X était incroyable.,Cette teuf était incroyable.,Cette fête était incroyable.,12,encoder_12,0.8054777383804321,0.9317426681518555,True,0.06709960404485216,0.7950709137321103,0.13782947477245933,0.0326176611195876,0.0,0.9346564867776342,0.06534351058362048,0.025031765629617345,2,1,"[""▁te"", ""uf""]","[""▁fête""]","[2, 4]","[2, 3]"
camembert-base,vénère,énervé,adj_person,Il est vraiment X aujourd'hui.,Il est vraiment vénère aujourd'hui.,Il est vraiment énervé aujourd'hui.,0,embedding,0.21115928888320923,0.8608111143112183,False,,,,,,,,,3,1,"[""▁vé"", ""n"", ""ère""]","[""▁énervé""]","[4, 7]","[4, 5]"
camembert-base,vénère,énervé,adj_person,Il est vraiment X aujourd'hui.,Il est vraiment vénère aujourd'hui.,Il est vraiment énervé aujourd'hui.,1,encoder_1,0.307595819234848,0.8719738721847534,True,0.2548735593931506,0.691440072864741,0.053686353668791154,0.1328929617195711,0.0,0.9032014311624282,0.09679857174795559,0.08095040325254409,3,1,"[""▁vé"", ""n"", ""ère""]","[""▁énervé""]","[4, 7]","[4, 5]"
camembert-base,vénère,énervé,adj_person,Il est vraiment X aujourd'hui.,Il est vraiment vénère aujourd'hui.,Il est vraiment énervé aujourd'hui.,2,encoder_2,0.2847695052623749,0.885560154914856,True,0.13179614104017798,0.8560871795729424,0.012116689217506882,0.047234952869135934,0.0,0.974159468402795,0.02584054979194944,0.034804092863059286,3,1,"[""▁vé"", ""n"", ""ère""]","[""▁énervé""]","[4, 7]","[4, 5]"
camembert-base,vénère,énervé,adj_person,Il est vraiment X aujourd'hui.,Il est vraiment vénère aujourd'hui.,Il est vraiment énervé aujourd'hui.,3,encoder_3,0.3660475015640259,0.8846268653869629,True,0.18230475116854172,0.7813914763152118,0.036303707530632785,0.06645265682159347,0.0,0.9765500714517539,0.023449958009812043,0.05421077272002106,3,1,"[""▁vé"", ""n"", ""ère""]","[""▁énervé""]","[4, 7]","[4, 5]"
camembert-base,vénère,énervé,adj_person,Il est vraiment X aujourd'hui.,Il est vraiment vénère aujourd'hui.,Il est vraiment énervé aujourd'hui.,4,encoder_4,0.41043543815612793,0.8765559196472168,True,0.042113668176487595,0.916117867083389,0.041768476278177834,0.04265799768619314,0.0,0.9566651126613865,0.04333489118759561,0.033964464953065425,3,1,"[""▁vé"", ""n"", ""ère""]","[""▁énervé""]","[4, 7]","[4, 5]"
camembert-base,vénère,énervé,adj_person,Il est vraiment X aujourd'hui.,Il est vraiment vénère aujourd'hui.,Il est vraiment énervé aujourd'hui.,5,encoder_5,0.4967062473297119,0.9028944373130798,True,0.09059043197588511,0.8807657300666155,0.02864379511667089,0.04852478613638567,0.0,0.970183719664823,0.029816294964703144,0.0417631953635822,3,1,"[""▁vé"", ""n"", ""ère""]","[""▁énervé""]","[4, 7]","[4, 5]"
camembert-base,vénère,énervé,adj_person,Il est vraiment X aujourd'hui.,Il est vraiment vénère aujourd'hui.,Il est vraiment énervé aujourd'hui.,6,encoder_6,0.5308429002761841,0.895862340927124,True,0.05262878608186269,0.9306685869027392,0.016702660465405767,0.03973991668904887,0.0,0.9603966818998974,0.03960334963895522,0.03497267022807674,3,1,"[""▁vé"", ""n"", ""ère""]","[""▁énervé""]","[4, 7]","[4, 5]"
camembert-base,vénère,énervé,adj_person,Il est vraiment X aujourd'hui.,Il est vraiment vénère aujourd'hui.,Il est vraiment énervé aujourd'hui.,7,encoder_7,0.5533139705657959,0.8898752927780151,True,0.022697582483272378,0.9627520962268602,0.014550318030243176,0.0416180438532403,0.0,0.9841124315122326,0.015887560086463418,0.024071634190175054,3,1,"[""▁vé"", ""n"", ""ère""]","[""▁énervé""]","[4, 7]","[4, 5]"
camembert-base,vénère,énervé,adj_person,Il est vraiment X aujourd'hui.,Il est vraiment vénère aujourd'hui.,Il est vraiment énervé aujourd'hui.,8,encoder_8,0.5965238809585571,0.9033448696136475,True,0.01815447224319101,0.9696590570582573,0.012186471940317542,0.021971004131684263,0.0,0.9812654902365673,0.018734522219873113,0.023312818334380495,3,1,"[""▁vé"", ""n"", ""ère""]","[""▁énervé""]","[4, 7]","[4, 5]"
camembert-base,vénère,énervé,adj_person,Il est vraiment X aujourd'hui.,Il est vraiment vénère aujourd'hui.,Il est vraiment énervé aujourd'hui.,9,encoder_9,0.557895302772522,0.8704270124435425,True,0.043028635853232154,0.9466521274045441,0.010319267941533034,0.03007159869583292,0.0,0.9740539646483225,0.02594604734245665,0.02931997226489386,3,1,"[""▁vé"", ""n"", ""ère""]","[""▁énervé""]","[4, 7]","[4, 5]"
camembert-base,vénère,énervé,adj_person,Il est vraiment X aujourd'hui.,Il est vraiment vénère aujourd'hui.,Il est vraiment énervé aujourd'hui.,10,encoder_10,0.5408748984336853,0.8432645797729492,True,0.07537059991725896,0.9149846301381458,0.009644782569192219,0.029494858429111755,0.0,0.9542873166089229,0.045712651085825916,0.026852629612182214,3,1,"[""▁vé"", ""n"", ""ère""]","[""▁énervé""]","[4, 7]","[4, 5]"
camembert-base,vénère,énervé,adj_person,Il est vraiment X aujourd'hui.,Il est vraiment vénère aujourd'hui.,Il est vraiment énervé aujourd'hui.,11,encoder_11,0.5266153216362,0.8536286354064941,True,0.08407597150899908,0.9069167868725488,0.009007238953837442,0.02471562903693528,0.0,0.9697068177365186,0.030293163171368185,0.015062739386677978,3,1,"[""▁vé"", ""n"", ""ère""]","[""▁énervé""]","[4, 7]","[4, 5]"
camembert-base,vénère,énervé,adj_person,Il est vraiment X aujourd'hui.,Il est vraiment vénère aujourd'hui.,Il est vraiment énervé aujourd'hui.,12,encoder_12,0.6767469048500061,0.8950948119163513,True,0.06047183562689249,0.792147308648791,0.1473808389605125,0.04508354337864425,0.0,0.9183980271194789,0.08160195320633465,0.026467241497822452,3,1,"[""▁vé"", ""n"", ""ère""]","[""▁énervé""]","[4, 7]","[4, 5]"
camembert-base,vénère,énervé,adj_person,Je le trouve très X en ce moment.,Je le trouve très vénère en ce moment.,Je le trouve très énervé en ce moment.,0,embedding,0.2016955465078354,0.863156795501709,False,,,,,,,,,3,1,"[""▁vé"", ""n"", ""ère""]","[""▁énervé""]","[5, 8]","[5, 6]"
camembert-base,vénère,énervé,adj_person,Je le trouve très X en ce moment.,Je le trouve très vénère en ce moment.,Je le trouve très énervé en ce moment.,1,encoder_1,0.28317856788635254,0.8763896226882935,True,0.2521349000530029,0.6962457459113587,0.05161936148622217,0.1201442657617909,0.0,0.9050694502987798,0.09493057434246403,0.0905526676087892,3,1,"[""▁vé"", ""n"", ""ère""]","[""▁énervé""]","[5, 8]","[5, 6]"
camembert-base,vénère,énervé,adj_person,Je le trouve très X en ce moment.,Je le trouve très vénère en ce moment.,Je le trouve très énervé en ce moment.,2,encoder_2,0.2531680762767792,0.8898354768753052,True,0.12370250491736447,0.8624636550702335,0.01383388150800057,0.04125799925239557,0.0,0.9727945783265445,0.0272054552811062,0.027159773324895956,3,1,"[""▁vé"", ""n"", ""ère""]","[""▁énervé""]","[5, 8]","[5, 6]"
camembert-base,vénère,énervé,adj_person,Je le trouve très X en ce moment.,Je le trouve très vénère en ce moment.,Je le trouve très énervé en ce moment.,3,encoder_3,0.36514633893966675,0.9093239307403564,True,0.17320595037302208,0.7874276255016291,0.03936646236131552,0.05464035407581406,0.0,0.9811899861014147,0.01881001115728915,0.03425880338661532,3,1,"[""▁vé"", ""n"", ""ère""]","[""▁énervé""]","[5, 8]","[5, 6]"
camembert-base,vénère,énervé,adj_person,Je le trouve très X en ce moment.,Je le trouve très vénère en ce moment.,Je le trouve très énervé en ce moment.,4,encoder_4,0.40615105628967285,0.9135909080505371,True,0.039307846585264726,0.9175650671216958,0.04312710999002777,0.03505464327510773,0.0,0.9693635991934898,0.03063640751736904,0.024227499735511932,3,1,"[""▁vé"", ""n"", ""ère""]","[""▁énervé""]","[5, 8]","[5, 6]"
camembert-base,vénère,énervé,adj_person,Je le trouve très X en ce moment.,Je le trouve très vénère en ce moment.,Je le trouve très énervé en ce moment.,5,encoder_5,0.509830892086029,0.932748019695282,True,0.08300356217959821,0.8969851097780799,0.020011322350909053,0.04125647262702584,0.0,0.9676212084898398,0.032378812814165804,0.041109691223096226,3,1,"[""▁vé"", ""n"", ""ère""]","[""▁énervé""]","[5, 8]","[5, 6]"
camembert-base,vénère,énervé,adj_person,Je le trouve très X en ce moment.,Je le trouve très vénère en ce moment.,Je le trouve très énervé en ce moment.,6,encoder_6,0.5282799601554871,0.9215255975723267,True,0.043815512457004796,0.9406946498334662,0.015489843892478062,0.0361725383153745,0.0,0.9419577228964036,0.05804228375382287,0.04346968127446107,3,1,"[""▁vé"", ""n"", ""ère""]","[""▁énervé""]","[5, 8]","[5, 6]"
camembert-base,vénère,énervé,adj_person,Je le trouve très X en ce moment.,Je le trouve très vénère en ce moment.,Je le trouve très énervé en ce moment.,7,encoder_7,0.5538352727890015,0.9268878698348999,True,0.021421826676312736,0.9671375824335344,0.01144058248238102,0.03807705869860863,0.0,0.98494487966875,0.015055118856657071,0.02186003828258683,3,1,"[""▁vé"", ""n"", ""ère""]","[""▁énervé""]","[5, 8]","[5, 6]"
camembert-base,vénère,énervé,adj_person,Je le trouve très X en ce moment.,Je le trouve très vénère en ce moment.,Je le trouve très énervé en ce moment.,8,encoder_8,0.5896611213684082,0.9384388327598572,True,0.011658885774119011,0.9783677529308816,0.009973345152078553,0.015310995341033098,0.0,0.9826477264166448,0.017352267374541083,0.02238037801829967,3,1,"[""▁vé"", ""n"", ""ère""]","[""▁énervé""]","[5, 8]","[5, 6]"
camembert-base,vénère,énervé,adj_person,Je le trouve très X en ce moment.,Je le trouve très vénère en ce moment.,Je le trouve très énervé en ce moment.,9,encoder_9,0.5550236701965332,0.9263210296630859,True,0.05914760063243652,0.9264141782311092,0.01443821285803163,0.03633063113286935,0.0,0.9769519719022077,0.023048046103362873,0.03222319942556235,3,1,"[""▁vé"", ""n"", ""ère""]","[""▁énervé""]","[5, 8]","[5, 6]"
camembert-base,vénère,énervé,adj_person,Je le trouve très X en ce moment.,Je le trouve très vénère en ce moment.,Je le trouve très énervé en ce moment.,10,encoder_10,0.5329300165176392,0.9122314453125,True,0.07404696919174943,0.913250379489173,0.01270262772557403,0.03326537972083425,0.0,0.9412107084105615,0.05878927893897427,0.03644356997207713,3,1,"[""▁vé"", ""n"", ""ère""]","[""▁énervé""]","[5, 8]","[5, 6]"
camembert-base,vénère,énervé,adj_person,Je le trouve très X en ce moment.,Je le trouve très vénère en ce moment.,Je le trouve très énervé en ce moment.,11,encoder_11,0.5453265309333801,0.9175099730491638,True,0.07740181812558002,0.9142385900310885,0.008359571224888125,0.016824565904410036,0.0,0.9569023971329044,0.0430975986761476,0.01565685020928623,3,1,"[""▁vé"", ""n"", ""ère""]","[""▁énervé""]","[5, 8]","[5, 6]"
camembert-base,vénère,énervé,adj_person,Je le trouve très X en ce moment.,Je le trouve très vénère en ce moment.,Je le trouve très énervé en ce moment.,12,encoder_12,0.6369935274124146,0.9349086880683899,True,0.0633561309852257,0.7908632817338775,0.14578058490085213,0.030718676549102288,0.0,0.9208606319302765,0.07913936457726747,0.023554121932407652,3,1,"[""▁vé"", ""n"", ""ère""]","[""▁énervé""]","[5, 8]","[5, 6]"
camembert-base,vénère,énervé,adj_person,Pourquoi est-il si X ?,Pourquoi est-il si vénère ?,Pourquoi est-il si énervé ?,0,embedding,0.20337067544460297,0.8391337990760803,False,,,,,,,,,3,1,"[""▁vé"", ""n"", ""ère""]","[""▁énervé""]","[6, 9]","[6, 7]"
camembert-base,vénère,énervé,adj_person,Pourquoi est-il si X ?,Pourquoi est-il si vénère ?,Pourquoi est-il si énervé ?,1,encoder_1,0.3080679774284363,0.8551755547523499,True,0.25385717764390314,0.6858226025818622,0.06032019825033596,0.13250428584652932,0.0,0.8793598975778574,0.1206400917507397,0.08779400724677057,3,1,"[""▁vé"", ""n"", ""ère""]","[""▁énervé""]","[6, 9]","[6, 7]"
camembert-base,vénère,énervé,adj_person,Pourquoi est-il si X ?,Pourquoi est-il si vénère ?,Pourquoi est-il si énervé ?,2,encoder_2,0.30530253052711487,0.8754040598869324,True,0.15301385971113407,0.8332573663235293,0.013728778725434479,0.038912404343178005,0.0,0.9786094326875127,0.0213905727458103,0.023966921267248077,3,1,"[""▁vé"", ""n"", ""ère""]","[""▁énervé""]","[6, 9]","[6, 7]"
camembert-base,vénère,énervé,adj_person,Pourquoi est-il si X ?,Pourquoi est-il si vénère ?,Pourquoi est-il si énervé ?,3,encoder_3,0.34191930294036865,0.8895183801651001,True,0.18480875514562592,0.771758248250006,0.04343299608696835,0.04948858054945504,0.0,0.9740364548159559,0.025963560835539367,0.034806058591685854,3,1,"[""▁vé"", ""n"", ""ère""]","[""▁énervé""]","[6, 9]","[6, 7]"
camembert-base,vénère,énervé,adj_person,Pourquoi est-il si X ?,Pourquoi est-il si vénère ?,Pourquoi est-il si énervé ?,4,encoder_4,0.3424633741378784,0.8886497020721436,True,0.0408309969752298,0.9002167263319548,0.05895231957246163,0.03301428271130927,0.0,0.9410790576905063,0.05892094908583626,0.028129883164459708,3,1,"[""▁vé"", ""n"", ""ère""]","[""▁énervé""]","[6, 9]","[6, 7]"
camembert-base,vénère,énervé,adj_person,Pourquoi est-il si X ?,Pourquoi est-il si vénère ?,Pourquoi est-il si énervé ?,5,encoder_5,0.4187813997268677,0.8963096141815186,True,0.08864684720305958,0.888984578561337,0.022368570587923835,0.04039093068089317,0.0,0.9718443393770118,0.028155670363070595,0.04151513947871237,3,1,"[""▁vé"", ""n"", ""ère""]","[""▁énervé""]","[6, 9]","[6, 7]"
camembert-base,vénère,énervé,adj_person,Pourquoi est-il si X ?,Pourquoi est-il si vénère ?,Pourquoi est-il si énervé ?,6,encoder_6,0.4592389166355133,0.8833557963371277,True,0.05478936049364338,0.9276512439156952,0.017559393055394938,0.038687617219960176,0.0,0.9593884965709117,0.04061149146741543,0.028720756495726415,3,1,"[""▁vé"", ""n"", ""ère""]","[""▁énervé""]","[6, 9]","[6, 7]"
camembert-base,vénère,énervé,adj_person,Pourquoi est-il si X ?,Pourquoi est-il si vénère ?,Pourquoi est-il si énervé ?,7,encoder_7,0.500773549079895,0.8879883289337158,True,0.02209997735209812,0.9541649759900336,0.02373501406158024,0.038408421738109724,0.0,0.9836294740570547,0.016370532636827112,0.023563738034378428,3,1,"[""▁vé"", ""n"", ""ère""]","[""▁énervé""]","[6, 9]","[6, 7]"
camembert-base,vénère,énervé,adj_person,Pourquoi est-il si X ?,Pourquoi est-il si vénère ?,Pourquoi est-il si énervé ?,8,encoder_8,0.5453473925590515,0.8951548933982849,True,0.02309261766501136,0.944539108297681,0.0323682643619046,0.019689428219045173,0.0,0.977623532393889,0.022376453752691535,0.018724504147426706,3,1,"[""▁vé"", ""n"", ""ère""]","[""▁énervé""]","[6, 9]","[6, 7]"
camembert-base,vénère,énervé,adj_person,Pourquoi est-il si X ?,Pourquoi est-il si vénère ?,Pourquoi est-il si énervé ?,9,encoder_9,0.5022035837173462,0.8733358383178711,True,0.0684086264401444,0.9148695935828547,0.016721784737095857,0.0492059590865574,0.0,0.9767856346363343,0.02321434518501149,0.030060509226423563,3,1,"[""▁vé"", ""n"", ""ère""]","[""▁énervé""]","[6, 9]","[6, 7]"
camembert-base,vénère,énervé,adj_person,Pourquoi est-il si X ?,Pourquoi est-il si vénère ?,Pourquoi est-il si énervé ?,10,encoder_10,0.5032830834388733,0.8595795035362244,True,0.09856615299363648,0.884528105033958,0.016905717861500087,0.04597265419893715,0.0,0.92061727536641,0.07938272564252492,0.04410565796911512,3,1,"[""▁vé"", ""n"", ""ère""]","[""▁énervé""]","[6, 9]","[6, 7]"
camembert-base,vénère,énervé,adj_person,Pourquoi est-il si X ?,Pourquoi est-il si vénère ?,Pourquoi est-il si énervé ?,11,encoder_11,0.4993208944797516,0.8807380199432373,True,0.07687152249146258,0.9088247669431267,0.014303726604855195,0.025585682235332908,0.0,0.9742224466124819,0.025777561381371494,0.010650367421758277,3,1,"[""▁vé"", ""n"", ""ère""]","[""▁énervé""]","[6, 9]","[6, 7]"
camembert-base,vénère,énervé,adj_person,Pourquoi est-il si X ?,Pourquoi est-il si vénère ?,Pourquoi est-il si énervé ?,12,encoder_12,0.6829580068588257,0.9491923451423645,True,0.0813958742239386,0.7507097859836854,0.16789436576593064,0.0380976369023825,0.0,0.8971455364517897,0.10285449257443409,0.0216531967607079,3,1,"[""▁vé"", ""n"", ""ère""]","[""▁énervé""]","[6, 9]","[6, 7]"
camembert-base,zarbi,bizarre,adj_thing,Cette histoire est vraiment X.,Cette histoire est vraiment zarbi.,Cette histoire est vraiment bizarre.,0,embedding,0.2292158454656601,0.8269966244697571,False,,,,,,,,,2,1,"[""zar"", ""bi""]","[""▁bizarre""]","[6, 8]","[5, 6]"
camembert-base,zarbi,bizarre,adj_thing,Cette histoire est vraiment X.,Cette histoire est vraiment zarbi.,Cette histoire est vraiment bizarre.,1,encoder_1,0.39788541197776794,0.850716233253479,True,0.15625281052587567,0.7706117309289073,0.07313549998907597,0.09182151542542279,0.0,0.8902283864875127,0.10977159639943705,0.10337332129987147,2,1,"[""zar"", ""bi""]","[""▁bizarre""]","[6, 8]","[5, 6]"
camembert-base,zarbi,bizarre,adj_thing,Cette histoire est vraiment X.,Cette histoire est vraiment zarbi.,Cette histoire est vraiment bizarre.,2,encoder_2,0.41299813985824585,0.8675865530967712,True,0.0660493498146171,0.9138200587224157,0.020130608430503325,0.03541338150811412,0.0,0.9846832110952848,0.01531679222103661,0.028419374382039425,2,1,"[""zar"", ""bi""]","[""▁bizarre""]","[6, 8]","[5, 6]"
camembert-base,zarbi,bizarre,adj_thing,Cette histoire est vraiment X.,Cette histoire est vraiment zarbi.,Cette histoire est vraiment bizarre.,3,encoder_3,0.5234478116035461,0.8932966589927673,True,0.09821613772071387,0.8849350330384237,0.01684886162372463,0.04641061912095538,0.0,0.9619632408516642,0.03803678304902286,0.03485009434255236,2,1,"[""zar"", ""bi""]","[""▁bizarre""]","[6, 8]","[5, 6]"
camembert-base,zarbi,bizarre,adj_thing,Cette histoire est vraiment X.,Cette histoire est vraiment zarbi.,Cette histoire est vraiment bizarre.,4,encoder_4,0.5676023960113525,0.9050866961479187,True,0.020078827703402115,0.9094431295880656,0.07047808520497678,0.02475304797495044,0.0,0.9656032685253119,0.03439672789067494,0.016198134778209035,2,1,"[""zar"", ""bi""]","[""▁bizarre""]","[6, 8]","[5, 6]"
camembert-base,zarbi,bizarre,adj_thing,Cette histoire est vraiment X.,Cette histoire est vraiment zarbi.,Cette histoire est vraiment bizarre.,5,encoder_5,0.6670794486999512,0.9301321506500244,True,0.055553922636881185,0.9353033855292164,0.009142680386397643,0.045549840962345434,0.0,0.9788916190857817,0.021108389999463777,0.03464633671260866,2,1,"[""zar"", ""bi""]","[""▁bizarre""]","[6, 8]","[5, 6]"
camembert-base,zarbi,bizarre,adj_thing,Cette histoire est vraiment X.,Cette histoire est vraiment zarbi.,Cette histoire est vraiment bizarre.,6,encoder_6,0.6983230710029602,0.9297093152999878,True,0.02508391501764624,0.9612745356354814,0.013641535668074078,0.04240108786173022,0.0,0.9658957962673371,0.034104189573651335,0.02337945151513165,2,1,"[""zar"", ""bi""]","[""▁bizarre""]","[6, 8]","[5, 6]"
camembert-base,zarbi,bizarre,adj_thing,Cette histoire est vraiment X.,Cette histoire est vraiment zarbi.,Cette histoire est vraiment bizarre.,7,encoder_7,0.7108504772186279,0.9379914999008179,True,0.011102219414099552,0.9789826915239671,0.009915125926789404,0.03461829942463608,0.0,0.9790529748777003,0.020947016218953823,0.024871498171762606,2,1,"[""zar"", ""bi""]","[""▁bizarre""]","[6, 8]","[5, 6]"
camembert-base,zarbi,bizarre,adj_thing,Cette histoire est vraiment X.,Cette histoire est vraiment zarbi.,Cette histoire est vraiment bizarre.,8,encoder_8,0.6987907886505127,0.9414955377578735,True,0.008596382646454702,0.9581823483130852,0.03322127457018886,0.027946551733693824,0.0,0.9246616564166205,0.0753383613852233,0.02341678944050569,2,1,"[""zar"", ""bi""]","[""▁bizarre""]","[6, 8]","[5, 6]"
camembert-base,zarbi,bizarre,adj_thing,Cette histoire est vraiment X.,Cette histoire est vraiment zarbi.,Cette histoire est vraiment bizarre.,9,encoder_9,0.6338376998901367,0.9186737537384033,True,0.04265872506225705,0.9420978399168233,0.01524340537381841,0.041688004439266825,0.0,0.9768575720496555,0.02314243406214966,0.033755710479279666,2,1,"[""zar"", ""bi""]","[""▁bizarre""]","[6, 8]","[5, 6]"
camembert-base,zarbi,bizarre,adj_thing,Cette histoire est vraiment X.,Cette histoire est vraiment zarbi.,Cette histoire est vraiment bizarre.,10,encoder_10,0.6188241243362427,0.9082314968109131,True,0.058825673828407976,0.9199703421312299,0.02120402463050648,0.035721922227765164,0.0,0.9772569934375207,0.02274302243376868,0.0217097740466299,2,1,"[""zar"", ""bi""]","[""▁bizarre""]","[6, 8]","[5, 6]"
camembert-base,zarbi,bizarre,adj_thing,Cette histoire est vraiment X.,Cette histoire est vraiment zarbi.,Cette histoire est vraiment bizarre.,11,encoder_11,0.630041241645813,0.910563051700592,True,0.05230764271859332,0.9328614944640946,0.014830850477290256,0.02121594151813563,0.0,0.9814693279663077,0.01853067622464383,0.016422142915078267,2,1,"[""zar"", ""bi""]","[""▁bizarre""]","[6, 8]","[5, 6]"
camembert-base,zarbi,bizarre,adj_thing,Cette histoire est vraiment X.,Cette histoire est vraiment zarbi.,Cette histoire est vraiment bizarre.,12,encoder_12,0.6999105215072632,0.9555107355117798,True,0.031013272913818207,0.7850874442357597,0.18389928028928715,0.03524282498742186,0.0,0.905981411384506,0.09401859175870775,0.02246447381007542,2,1,"[""zar"", ""bi""]","[""▁bizarre""]","[6, 8]","[5, 6]"
camembert-base,zarbi,bizarre,adj_thing,Je trouve ce truc assez X.,Je trouve ce truc assez zarbi.,Je trouve ce truc assez bizarre.,0,embedding,0.2179793268442154,0.8561801910400391,False,,,,,,,,,2,1,"[""zar"", ""bi""]","[""▁bizarre""]","[7, 9]","[6, 7]"
camembert-base,zarbi,bizarre,adj_thing,Je trouve ce truc assez X.,Je trouve ce truc assez zarbi.,Je trouve ce truc assez bizarre.,1,encoder_1,0.37718454003334045,0.8793840408325195,True,0.13952818341173745,0.7879703945193323,0.07250142051673075,0.08467884428265249,0.0,0.8990916227638506,0.10090838439569538,0.10280154689207721,2,1,"[""zar"", ""bi""]","[""▁bizarre""]","[7, 9]","[6, 7]"
camembert-base,zarbi,bizarre,adj_thing,Je trouve ce truc assez X.,Je trouve ce truc assez zarbi.,Je trouve ce truc assez bizarre.,2,encoder_2,0.4041566252708435,0.9010363817214966,True,0.06687154732652695,0.9182543259686661,0.014874108398500854,0.029008735019764528,0.0,0.9927728828139029,0.007227101331788291,0.016506926910985653,2,1,"[""zar"", ""bi""]","[""▁bizarre""]","[7, 9]","[6, 7]"
camembert-base,zarbi,bizarre,adj_thing,Je trouve ce truc assez X.,Je trouve ce truc assez zarbi.,Je trouve ce truc assez bizarre.,3,encoder_3,0.5395375490188599,0.9166806936264038,True,0.09726797085268281,0.8899574118254332,0.012774595833558963,0.041698158386463714,0.0,0.9789885180918706,0.021011500410890577,0.03274495712144073,2,1,"[""zar"", ""bi""]","[""▁bizarre""]","[7, 9]","[6, 7]"
camembert-base,zarbi,bizarre,adj_thing,Je trouve ce truc assez X.,Je trouve ce truc assez zarbi.,Je trouve ce truc assez bizarre.,4,encoder_4,0.6276628971099854,0.9288432598114014,True,0.022485495118405117,0.909667940978332,0.06784657449221036,0.02544820176384367,0.0,0.96266552678778,0.03733448407037438,0.017891166875333705,2,1,"[""zar"", ""bi""]","[""▁bizarre""]","[7, 9]","[6, 7]"
camembert-base,zarbi,bizarre,adj_thing,Je trouve ce truc assez X.,Je trouve ce truc assez zarbi.,Je trouve ce truc assez bizarre.,5,encoder_5,0.6990643739700317,0.9454367756843567,True,0.05375794782732218,0.9350602179194306,0.011181861183995362,0.039915471967509254,0.0,0.9794776638875867,0.020522328429004318,0.029274727192814477,2,1,"[""zar"", ""bi""]","[""▁bizarre""]","[7, 9]","[6, 7]"
camembert-base,zarbi,bizarre,adj_thing,Je trouve ce truc assez X.,Je trouve ce truc assez zarbi.,Je trouve ce truc assez bizarre.,6,encoder_6,0.752722978591919,0.9519182443618774,True,0.02164500496895762,0.9648712219105179,0.013483768716149896,0.03459854310867326,0.0,0.9725063647204543,0.027493646222586588,0.020458368137716863,2,1,"[""zar"", ""bi""]","[""▁bizarre""]","[7, 9]","[6, 7]"
camembert-base,zarbi,bizarre,adj_thing,Je trouve ce truc assez X.,Je trouve ce truc assez zarbi.,Je trouve ce truc assez bizarre.,7,encoder_7,0.7757129669189453,0.9592007398605347,True,0.01325544577098242,0.9776578543342915,0.009086718443571716,0.03208234026063309,0.0,0.9815697315896172,0.018430274402135193,0.020195558661604326,2,1,"[""zar"", ""bi""]","[""▁bizarre""]","[7, 9]","[6, 7]"
camembert-base,zarbi,bizarre,adj_thing,Je trouve ce truc assez X.,Je trouve ce truc assez zarbi.,Je trouve ce truc assez bizarre.,8,encoder_8,0.7618306279182434,0.9557784795761108,True,0.012699674933767361,0.9613711283514744,0.025929215166589623,0.028964490845209728,0.0,0.9407838548443035,0.0592161588830033,0.024476098595187068,2,1,"[""zar"", ""bi""]","[""▁bizarre""]","[7, 9]","[6, 7]"
camembert-base,zarbi,bizarre,adj_thing,Je trouve ce truc assez X.,Je trouve ce truc assez zarbi.,Je trouve ce truc assez bizarre.,9,encoder_9,0.7070340514183044,0.9453811645507812,True,0.04045719548637163,0.944676752428543,0.014866082973952791,0.03548802031035219,0.0,0.9766048974727135,0.02339511841797835,0.02666929210547035,2,1,"[""zar"", ""bi""]","[""▁bizarre""]","[7, 9]","[6, 7]"
camembert-base,zarbi,bizarre,adj_thing,Je trouve ce truc assez X.,Je trouve ce truc assez zarbi.,Je trouve ce truc assez bizarre.,10,encoder_10,0.6904168128967285,0.9385377168655396,True,0.04312719671650095,0.9410073152516608,0.015865490282536882,0.028526598318865865,0.0,0.9769600682203851,0.02303994165551536,0.020525036878909723,2,1,"[""zar"", ""bi""]","[""▁bizarre""]","[7, 9]","[6, 7]"
camembert-base,zarbi,bizarre,adj_thing,Je trouve ce truc assez X.,Je trouve ce truc assez zarbi.,Je trouve ce truc assez bizarre.,11,encoder_11,0.6993102431297302,0.9415544271469116,True,0.05325633298690997,0.932367136042203,0.014376537567757955,0.022551843738337466,0.0,0.9751145391708773,0.024885486925559322,0.0177388708153501,2,1,"[""zar"", ""bi""]","[""▁bizarre""]","[7, 9]","[6, 7]"
camembert-base,zarbi,bizarre,adj_thing,Je trouve ce truc assez X.,Je trouve ce truc assez zarbi.,Je trouve ce truc assez bizarre.,12,encoder_12,0.7817287445068359,0.9710986614227295,True,0.030293312037875317,0.8315199254131506,0.13818675044178333,0.03022977551496144,0.0,0.9182910847034985,0.08170891467562202,0.016980342722794767,2,1,"[""zar"", ""bi""]","[""▁bizarre""]","[7, 9]","[6, 7]"
camembert-base,zarbi,bizarre,adj_thing,"C'est trop X, non ?","C'est trop zarbi, non ?","C'est trop bizarre, non ?",0,embedding,0.2292158454656601,0.8795612454414368,False,,,,,,,,,2,1,"[""zar"", ""bi""]","[""▁bizarre""]","[6, 8]","[5, 6]"
camembert-base,zarbi,bizarre,adj_thing,"C'est trop X, non ?","C'est trop zarbi, non ?","C'est trop bizarre, non ?",1,encoder_1,0.37264353036880493,0.8945633172988892,True,0.15100185202843705,0.7779530209786173,0.07104512016325112,0.07821952403527983,0.0,0.8885182253339425,0.11148175664108823,0.08321076706362059,2,1,"[""zar"", ""bi""]","[""▁bizarre""]","[6, 8]","[5, 6]"
camembert-base,zarbi,bizarre,adj_thing,"C'est trop X, non ?","C'est trop zarbi, non ?","C'est trop bizarre, non ?",2,encoder_2,0.3779600262641907,0.9112043380737305,True,0.061241322572318825,0.9209206502921622,0.017838035750254055,0.02833932171036034,0.0,0.9869119278542451,0.013088096859151847,0.019929388365918583,2,1,"[""zar"", ""bi""]","[""▁bizarre""]","[6, 8]","[5, 6]"
camembert-base,zarbi,bizarre,adj_thing,"C'est trop X, non ?","C'est trop zarbi, non ?","C'est trop bizarre, non ?",3,encoder_3,0.5103404521942139,0.9182306528091431,True,0.0956070147789746,0.8894424780582574,0.014950474062015112,0.04353688968722625,0.0,0.9666799507950016,0.03332005700300755,0.03565885322735331,2,1,"[""zar"", ""bi""]","[""▁bizarre""]","[6, 8]","[5, 6]"
camembert-base,zarbi,bizarre,adj_thing,"C'est trop X, non ?","C'est trop zarbi, non ?","C'est trop bizarre, non ?",4,encoder_4,0.5693274736404419,0.9285892248153687,True,0.023275272652050333,0.9154500622886839,0.061274645981707815,0.02120135622038358,0.0,0.9658870402529804,0.03411296691868946,0.017807078622551136,2,1,"[""zar"", ""bi""]","[""▁bizarre""]","[6, 8]","[5, 6]"
camembert-base,zarbi,bizarre,adj_thing,"C'est trop X, non ?","C'est trop zarbi, non ?","C'est trop bizarre, non ?",5,encoder_5,0.6339163184165955,0.9449021816253662,True,0.04693107772352284,0.9409237498185066,0.012145188872532313,0.03630795616715949,0.0,0.9774271142725649,0.022572880740980485,0.028791734234955287,2,1,"[""zar"", ""bi""]","[""▁bizarre""]","[6, 8]","[5, 6]"
camembert-base,zarbi,bizarre,adj_thing,"C'est trop X, non ?","C'est trop zarbi, non ?","C'est trop bizarre, non ?",6,encoder_6,0.6579800844192505,0.945843517780304,True,0.02306974198192742,0.9641901647233606,0.012740073911562141,0.03121509248087723,0.0,0.9741321015591747,0.025867883471758002,0.026258301902136464,2,1,"[""zar"", ""bi""]","[""▁bizarre""]","[6, 8]","[5, 6]"
camembert-base,zarbi,bizarre,adj_thing,"C'est trop X, non ?","C'est trop zarbi, non ?","C'est trop bizarre, non ?",7,encoder_7,0.6917393207550049,0.9478433728218079,True,0.007922415923593674,0.9803459998985299,0.011731600650649444,0.022378058503695498,0.0,0.9839315903193997,0.016068412681934385,0.017917218786156493,2,1,"[""zar"", ""bi""]","[""▁bizarre""]","[6, 8]","[5, 6]"
camembert-base,zarbi,bizarre,adj_thing,"C'est trop X, non ?","C'est trop zarbi, non ?","C'est trop bizarre, non ?",8,encoder_8,0.692685067653656,0.9535104036331177,True,0.015048565616766428,0.93563328056484,0.0493181742686857,0.028916966618666495,0.0,0.9316589627945367,0.06834102096552681,0.022327689489609854,2,1,"[""zar"", ""bi""]","[""▁bizarre""]","[6, 8]","[5, 6]"
camembert-base,zarbi,bizarre,adj_thing,"C'est trop X, non ?","C'est trop zarbi, non ?","C'est trop bizarre, non ?",9,encoder_9,0.6423369646072388,0.9469138979911804,True,0.03773919201161126,0.9464374479139758,0.015823376915832594,0.024232204631946527,0.0,0.9826805093450254,0.017319504760632213,0.02123081314782649,2,1,"[""zar"", ""bi""]","[""▁bizarre""]","[6, 8]","[5, 6]"
camembert-base,zarbi,bizarre,adj_thing,"C'est trop X, non ?","C'est trop zarbi, non ?","C'est trop bizarre, non ?",10,encoder_10,0.6340726613998413,0.9453136920928955,True,0.06353707955823894,0.9193378729909004,0.017125045277777265,0.023531092079728474,0.0,0.9725668374150942,0.02743317389659668,0.020205340771834415,2,1,"[""zar"", ""bi""]","[""▁bizarre""]","[6, 8]","[5, 6]"
camembert-base,zarbi,bizarre,adj_thing,"C'est trop X, non ?","C'est trop zarbi, non ?","C'est trop bizarre, non ?",11,encoder_11,0.6573761105537415,0.9519492387771606,True,0.0516229507855151,0.9334790695752258,0.014897980648195176,0.019761875676718676,0.0,0.971839914062144,0.028160078370863886,0.020942370677993257,2,1,"[""zar"", ""bi""]","[""▁bizarre""]","[6, 8]","[5, 6]"
camembert-base,zarbi,bizarre,adj_thing,"C'est trop X, non ?","C'est trop zarbi, non ?","C'est trop bizarre, non ?",12,encoder_12,0.750455915927887,0.9632229208946228,True,0.018717428890808737,0.8493230155970202,0.13195958787563203,0.02872884582329893,0.0,0.9157307691439994,0.08426924808546869,0.018112972546758803,2,1,"[""zar"", ""bi""]","[""▁bizarre""]","[6, 8]","[5, 6]"
camembert-base,ouf,fou,adj_person,Il est vraiment X aujourd'hui.,Il est vraiment ouf aujourd'hui.,Il est vraiment fou aujourd'hui.,0,embedding,0.18042081594467163,0.9074652791023254,False,,,,,,,,,2,1,"[""▁ou"", ""f""]","[""▁fou""]","[4, 6]","[4, 5]"
camembert-base,ouf,fou,adj_person,Il est vraiment X aujourd'hui.,Il est vraiment ouf aujourd'hui.,Il est vraiment fou aujourd'hui.,1,encoder_1,0.35743582248687744,0.9169142842292786,True,0.11261512265667654,0.823492375376094,0.06389246036815903,0.10797009596058937,0.0,0.9128088528805848,0.0871911373405304,0.07038816607205071,2,1,"[""▁ou"", ""f""]","[""▁fou""]","[4, 6]","[4, 5]"
camembert-base,ouf,fou,adj_person,Il est vraiment X aujourd'hui.,Il est vraiment ouf aujourd'hui.,Il est vraiment fou aujourd'hui.,2,encoder_2,0.43070167303085327,0.9318397045135498,True,0.075271713016584,0.91175067570128,0.012977588794578795,0.04080221150168615,0.0,0.9848626603427705,0.015137358293382771,0.03282364069998258,2,1,"[""▁ou"", ""f""]","[""▁fou""]","[4, 6]","[4, 5]"
camembert-base,ouf,fou,adj_person,Il est vraiment X aujourd'hui.,Il est vraiment ouf aujourd'hui.,Il est vraiment fou aujourd'hui.,3,encoder_3,0.5114580392837524,0.9361604452133179,True,0.09551843936396381,0.8744775401422377,0.03000402600412516,0.048580476950793455,0.0,0.9710286531145682,0.028971352451540765,0.05061014336007982,2,1,"[""▁ou"", ""f""]","[""▁fou""]","[4, 6]","[4, 5]"
camembert-base,ouf,fou,adj_person,Il est vraiment X aujourd'hui.,Il est vraiment ouf aujourd'hui.,Il est vraiment fou aujourd'hui.,4,encoder_4,0.5427449941635132,0.9472140073776245,True,0.03742482305107663,0.9434624497850829,0.01911273258685736,0.030062674193089705,0.0,0.9586010367556504,0.04139896863159118,0.022504678619712993,2,1,"[""▁ou"", ""f""]","[""▁fou""]","[4, 6]","[4, 5]"
camembert-base,ouf,fou,adj_person,Il est vraiment X aujourd'hui.,Il est vraiment ouf aujourd'hui.,Il est vraiment fou aujourd'hui.,5,encoder_5,0.6098171472549438,0.9589537382125854,True,0.06414205683007708,0.9069738052971253,0.02888411959559529,0.056919737633232215,0.0,0.9332295649692516,0.06677044083696469,0.04148246201728428,2,1,"[""▁ou"", ""f""]","[""▁fou""]","[4, 6]","[4, 5]"
camembert-base,ouf,fou,adj_person,Il est vraiment X aujourd'hui.,Il est vraiment ouf aujourd'hui.,Il est vraiment fou aujourd'hui.,6,encoder_6,0.6564708352088928,0.9562724828720093,True,0.05590682753509931,0.9248862237232167,0.01920695299084461,0.03786143136365563,0.0,0.9675424104111948,0.03245759234882039,0.023704183529372567,2,1,"[""▁ou"", ""f""]","[""▁fou""]","[4, 6]","[4, 5]"
camembert-base,ouf,fou,adj_person,Il est vraiment X aujourd'hui.,Il est vraiment ouf aujourd'hui.,Il est vraiment fou aujourd'hui.,7,encoder_7,0.6743245124816895,0.9585839509963989,True,0.014728880575828768,0.9750359300293937,0.010235204916824859,0.026569461454082854,0.0,0.985607897249008,0.014392114369484376,0.024636469462770764,2,1,"[""▁ou"", ""f""]","[""▁fou""]","[4, 6]","[4, 5]"
camembert-base,ouf,fou,adj_person,Il est vraiment X aujourd'hui.,Il est vraiment ouf aujourd'hui.,Il est vraiment fou aujourd'hui.,8,encoder_8,0.6861867308616638,0.9608824849128723,True,0.019322201030782315,0.9553440812592365,0.025333696502994153,0.019395191507653405,0.0,0.9456492497374233,0.05435074766263521,0.02043489885429754,2,1,"[""▁ou"", ""f""]","[""▁fou""]","[4, 6]","[4, 5]"
camembert-base,ouf,fou,adj_person,Il est vraiment X aujourd'hui.,Il est vraiment ouf aujourd'hui.,Il est vraiment fou aujourd'hui.,9,encoder_9,0.6274722218513489,0.9485253095626831,True,0.041805115460847204,0.9474714245654451,0.01072344383078671,0.024631952843685478,0.0,0.9781814966650951,0.021818467964054306,0.024164547057989743,2,1,"[""▁ou"", ""f""]","[""▁fou""]","[4, 6]","[4, 5]"
camembert-base,ouf,fou,adj_person,Il est vraiment X aujourd'hui.,Il est vraiment ouf aujourd'hui.,Il est vraiment fou aujourd'hui.,10,encoder_10,0.6106666326522827,0.9393166303634644,True,0.06265812095504296,0.9254847115852319,0.011857161212105052,0.021151482258242708,0.0,0.9698757227212059,0.030124274562439452,0.018558476718950185,2,1,"[""▁ou"", ""f""]","[""▁fou""]","[4, 6]","[4, 5]"
camembert-base,ouf,fou,adj_person,Il est vraiment X aujourd'hui.,Il est vraiment ouf aujourd'hui.,Il est vraiment fou aujourd'hui.,11,encoder_11,0.5501753091812134,0.9351226687431335,True,0.07581437581368301,0.9169105832503236,0.00727506266685542,0.01917082503357038,0.0,0.9622068600953883,0.03779314502688727,0.022966577446252776,2,1,"[""▁ou"", ""f""]","[""▁fou""]","[4, 6]","[4, 5]"
camembert-base,ouf,fou,adj_person,Il est vraiment X aujourd'hui.,Il est vraiment ouf aujourd'hui.,Il est vraiment fou aujourd'hui.,12,encoder_12,0.5627391338348389,0.951130211353302,True,0.0385583173426229,0.8529986385099569,0.10844305109353629,0.024484093267271245,0.0,0.9436071124115851,0.056392883242243314,0.023114230747610116,2,1,"[""▁ou"", ""f""]","[""▁fou""]","[4, 6]","[4, 5]"
camembert-base,ouf,fou,adj_person,Je le trouve très X en ce moment.,Je le trouve très ouf en ce moment.,Je le trouve très fou en ce moment.,0,embedding,0.18068593740463257,0.9117071628570557,False,,,,,,,,,2,1,"[""▁ou"", ""f""]","[""▁fou""]","[5, 7]","[5, 6]"
camembert-base,ouf,fou,adj_person,Je le trouve très X en ce moment.,Je le trouve très ouf en ce moment.,Je le trouve très fou en ce moment.,1,encoder_1,0.3457271456718445,0.9219875335693359,True,0.11282582379409256,0.825945874726434,0.061228291234926374,0.09904665622788324,0.0,0.9197393310884386,0.08026066262513455,0.06943191116246875,2,1,"[""▁ou"", ""f""]","[""▁fou""]","[5, 7]","[5, 6]"
camembert-base,ouf,fou,adj_person,Je le trouve très X en ce moment.,Je le trouve très ouf en ce moment.,Je le trouve très fou en ce moment.,2,encoder_2,0.38272273540496826,0.9311091303825378,True,0.09099361147252098,0.8958440498148837,0.013162332620195004,0.029673952313274497,0.0,0.9923484428242911,0.007651569583642729,0.02307709216337334,2,1,"[""▁ou"", ""f""]","[""▁fou""]","[5, 7]","[5, 6]"
camembert-base,ouf,fou,adj_person,Je le trouve très X en ce moment.,Je le trouve très ouf en ce moment.,Je le trouve très fou en ce moment.,3,encoder_3,0.5249754190444946,0.9477260112762451,True,0.08713627243584997,0.8698068085424948,0.043056916877674746,0.03815920604562219,0.0,0.9716615781601519,0.028338408389029766,0.03769939443170284,2,1,"[""▁ou"", ""f""]","[""▁fou""]","[5, 7]","[5, 6]"
camembert-base,ouf,fou,adj_person,Je le trouve très X en ce moment.,Je le trouve très ouf en ce moment.,Je le trouve très fou en ce moment.,4,encoder_4,0.5881611108779907,0.9579148888587952,True,0.021140075392752505,0.9540154676783685,0.024844466096588965,0.025551469492506706,0.0,0.9655100516827472,0.03448997277902421,0.020136793960662574,2,1,"[""▁ou"", ""f""]","[""▁fou""]","[5, 7]","[5, 6]"
camembert-base,ouf,fou,adj_person,Je le trouve très X en ce moment.,Je le trouve très ouf en ce moment.,Je le trouve très fou en ce moment.,5,encoder_5,0.6428215503692627,0.971116304397583,True,0.04716985191680062,0.94092387861309,0.011906289338326556,0.03881441366308792,0.0,0.962078891806282,0.03792110894071823,0.028792087414649347,2,1,"[""▁ou"", ""f""]","[""▁fou""]","[5, 7]","[5, 6]"
camembert-base,ouf,fou,adj_person,Je le trouve très X en ce moment.,Je le trouve très ouf en ce moment.,Je le trouve très fou en ce moment.,6,encoder_6,0.6933771371841431,0.9722240567207336,True,0.04140490897757537,0.9429013137564611,0.015693764887135603,0.033115693488539294,0.0,0.9725100949944875,0.027489904003857757,0.02401580711503699,2,1,"[""▁ou"", ""f""]","[""▁fou""]","[5, 7]","[5, 6]"
camembert-base,ouf,fou,adj_person,Je le trouve très X en ce moment.,Je le trouve très ouf en ce moment.,Je le trouve très fou en ce moment.,7,encoder_7,0.6966939568519592,0.9743313789367676,True,0.014761232374880232,0.9767592101682693,0.008479553576341075,0.021660712266188865,0.0,0.9869512769796506,0.013048731256734683,0.020875470149054942,2,1,"[""▁ou"", ""f""]","[""▁fou""]","[5, 7]","[5, 6]"
camembert-base,ouf,fou,adj_person,Je le trouve très X en ce moment.,Je le trouve très ouf en ce moment.,Je le trouve très fou en ce moment.,8,encoder_8,0.6820968985557556,0.9736411571502686,True,0.0184496665030896,0.9530504220891524,0.028499929442433725,0.015378843106637433,0.0,0.9349046481906482,0.06509535974499837,0.022247696967026154,2,1,"[""▁ou"", ""f""]","[""▁fou""]","[5, 7]","[5, 6]"
camembert-base,ouf,fou,adj_person,Je le trouve très X en ce moment.,Je le trouve très ouf en ce moment.,Je le trouve très fou en ce moment.,9,encoder_9,0.6482316255569458,0.9663012027740479,True,0.044408403030235216,0.9433083474094972,0.012283269661315085,0.031862307935432446,0.0,0.9758244744489581,0.02417554107308635,0.029322643549488863,2,1,"[""▁ou"", ""f""]","[""▁fou""]","[5, 7]","[5, 6]"
camembert-base,ouf,fou,adj_person,Je le trouve très X en ce moment.,Je le trouve très ouf en ce moment.,Je le trouve très fou en ce moment.,10,encoder_10,0.642465353012085,0.9543435573577881,True,0.06322699259001173,0.9219215874442176,0.01485140413328982,0.021831611606891243,0.0,0.9669106151058409,0.033089395953620274,0.026866351554290523,2,1,"[""▁ou"", ""f""]","[""▁fou""]","[5, 7]","[5, 6]"
camembert-base,ouf,fou,adj_person,Je le trouve très X en ce moment.,Je le trouve très ouf en ce moment.,Je le trouve très fou en ce moment.,11,encoder_11,0.591591477394104,0.950621485710144,True,0.06625919556467065,0.9265132425911594,0.007227552608557803,0.013752254601437511,0.0,0.9654352922151767,0.03456470537891045,0.016763360900523643,2,1,"[""▁ou"", ""f""]","[""▁fou""]","[5, 7]","[5, 6]"
camembert-base,ouf,fou,adj_person,Je le trouve très X en ce moment.,Je le trouve très ouf en ce moment.,Je le trouve très fou en ce moment.,12,encoder_12,0.6087276935577393,0.9638758301734924,True,0.033514900618385614,0.8755528018965867,0.09093228211820732,0.020897242835246355,0.0,0.932760256611823,0.06723975200291296,0.02535446850367051,2,1,"[""▁ou"", ""f""]","[""▁fou""]","[5, 7]","[5, 6]"
camembert-base,ouf,fou,adj_person,Pourquoi est-il si X ?,Pourquoi est-il si ouf ?,Pourquoi est-il si fou ?,0,embedding,0.1753333956003189,0.8963543176651001,False,,,,,,,,,2,1,"[""▁ou"", ""f""]","[""▁fou""]","[6, 8]","[6, 7]"
camembert-base,ouf,fou,adj_person,Pourquoi est-il si X ?,Pourquoi est-il si ouf ?,Pourquoi est-il si fou ?,1,encoder_1,0.38595396280288696,0.9195475578308105,True,0.11171215483755624,0.8284872443536863,0.05980059553126254,0.10804510758378884,0.0,0.9157092460409241,0.08429076164248754,0.07455055192944078,2,1,"[""▁ou"", ""f""]","[""▁fou""]","[6, 8]","[6, 7]"
camembert-base,ouf,fou,adj_person,Pourquoi est-il si X ?,Pourquoi est-il si ouf ?,Pourquoi est-il si fou ?,2,encoder_2,0.3911152184009552,0.9275161623954773,True,0.09115620876218716,0.8978798223873515,0.010963993093953165,0.03683223246209956,0.0,0.9828673805321871,0.017132609857488986,0.02148621068254236,2,1,"[""▁ou"", ""f""]","[""▁fou""]","[6, 8]","[6, 7]"
camembert-base,ouf,fou,adj_person,Pourquoi est-il si X ?,Pourquoi est-il si ouf ?,Pourquoi est-il si fou ?,3,encoder_3,0.43550169467926025,0.9364716410636902,True,0.1184526011695909,0.8337719818063668,0.04777541295920967,0.048732941316263545,0.0,0.9625629571812863,0.03743701459054461,0.030104404164041313,2,1,"[""▁ou"", ""f""]","[""▁fou""]","[6, 8]","[6, 7]"
camembert-base,ouf,fou,adj_person,Pourquoi est-il si X ?,Pourquoi est-il si ouf ?,Pourquoi est-il si fou ?,4,encoder_4,0.4600461423397064,0.9305181503295898,True,0.03156819100486829,0.9290331841600826,0.039398664697601275,0.027902390572322144,0.0,0.9077070130765463,0.09229300217871124,0.028743951715323336,2,1,"[""▁ou"", ""f""]","[""▁fou""]","[6, 8]","[6, 7]"
camembert-base,ouf,fou,adj_person,Pourquoi est-il si X ?,Pourquoi est-il si ouf ?,Pourquoi est-il si fou ?,5,encoder_5,0.4955906867980957,0.9364379644393921,True,0.08199927750562307,0.8998689244079962,0.018131775773446927,0.05132277887167039,0.0,0.9700649274266085,0.029935072883833607,0.03330372728471592,2,1,"[""▁ou"", ""f""]","[""▁fou""]","[6, 8]","[6, 7]"
camembert-base,ouf,fou,adj_person,Pourquoi est-il si X ?,Pourquoi est-il si ouf ?,Pourquoi est-il si fou ?,6,encoder_6,0.547415554523468,0.9296287298202515,True,0.04225174282079286,0.9433720492893208,0.014376190815639811,0.03940900482529786,0.0,0.9849232535030884,0.015076736739854336,0.01718089661127618,2,1,"[""▁ou"", ""f""]","[""▁fou""]","[6, 8]","[6, 7]"
camembert-base,ouf,fou,adj_person,Pourquoi est-il si X ?,Pourquoi est-il si ouf ?,Pourquoi est-il si fou ?,7,encoder_7,0.5538949370384216,0.933772087097168,True,0.011751233307908447,0.9779515016069732,0.010297297041125064,0.026771476430676715,0.0,0.9800020109123273,0.019997983412427606,0.020683856111178987,2,1,"[""▁ou"", ""f""]","[""▁fou""]","[6, 8]","[6, 7]"
camembert-base,ouf,fou,adj_person,Pourquoi est-il si X ?,Pourquoi est-il si ouf ?,Pourquoi est-il si fou ?,8,encoder_8,0.5675279498100281,0.936495304107666,True,0.025661888098121168,0.9481792178096707,0.02615893460474517,0.019132592769497244,0.0,0.9339179488000809,0.06608205704008872,0.013888041103835657,2,1,"[""▁ou"", ""f""]","[""▁fou""]","[6, 8]","[6, 7]"
camembert-base,ouf,fou,adj_person,Pourquoi est-il si X ?,Pourquoi est-il si ouf ?,Pourquoi est-il si fou ?,9,encoder_9,0.5490787029266357,0.929176926612854,True,0.03841356015403189,0.9455935361808337,0.01599290343230497,0.0395715840159796,0.0,0.9721628382948957,0.027837162442403484,0.02856768353159669,2,1,"[""▁ou"", ""f""]","[""▁fou""]","[6, 8]","[6, 7]"
camembert-base,ouf,fou,adj_person,Pourquoi est-il si X ?,Pourquoi est-il si ouf ?,Pourquoi est-il si fou ?,10,encoder_10,0.5387991666793823,0.9174151420593262,True,0.08333454424322284,0.8920252691923446,0.024640150630908186,0.03620245410602466,0.0,0.9498140907553069,0.05018590373436895,0.037384191318983524,2,1,"[""▁ou"", ""f""]","[""▁fou""]","[6, 8]","[6, 7]"
camembert-base,ouf,fou,adj_person,Pourquoi est-il si X ?,Pourquoi est-il si ouf ?,Pourquoi est-il si fou ?,11,encoder_11,0.5181909799575806,0.9251635670661926,True,0.07514437696987854,0.9130586825770628,0.01179696963450499,0.026023893966372825,0.0,0.9729415789093436,0.027058396488222683,0.01931248913255833,2,1,"[""▁ou"", ""f""]","[""▁fou""]","[6, 8]","[6, 7]"
camembert-base,ouf,fou,adj_person,Pourquoi est-il si X ?,Pourquoi est-il si ouf ?,Pourquoi est-il si fou ?,12,encoder_12,0.6716921329498291,0.9682939052581787,True,0.06516665063394061,0.7716386664405697,0.16319466057375187,0.024626501957257633,0.0,0.9120501568995873,0.08794984519588826,0.023888458185474026,2,1,"[""▁ou"", ""f""]","[""▁fou""]","[6, 8]","[6, 7]"
